{"summary": [{"tipdepth": 5.0, "tension_capacity": 166.33812684330246, "compression_capacity": 185.518679962042}, {"tipdepth": 10.0, "tension_capacity": 906.8350599450458, "compression_capacity": 1304.9299136746995}, {"tipdepth": 15.0, "tension_capacity": 1670.1762039384987, "compression_capacity": 2386.8468357178726}]}