{"summary": [{"compression_capacity": 185.518679962042, "tension_capacity": 166.33812684330246, "tipdepth": 5.0}, {"compression_capacity": 1304.9299136746995, "tension_capacity": 906.8350599450458, "tipdepth": 10.0}, {"compression_capacity": 2386.8468357178726, "tension_capacity": 1670.1762039384987, "tipdepth": 15.0}]}