{"summary": {"tipdepth": 7.0, "effective_depth": 5.5, "qshaft": 53.1991555332329, "qult_tension": 453.49642755321634, "qult_compression": 586.9288515598776, "q_delta_10mm_tension": 132.03575351797787, "q_delta_10mm_compression": 158.31461951289288, "installation_torque": 141.2643043617744, "qb01_comp": 0.3020292245247119, "qb01_tension": 0.22652191839353392, "qult_comp_tipdepth": 586.9288515598776, "qult_tension_tipdepth": 453.49642755321634, "q_10mm_comp_tipdepth": 158.31461951289288, "q_10mm_tension_tipdepth": 132.03575351797787}, "detailed": {"depth": [1.0, 2.0, 3.0, 4.0, 5.0], "qt": [0.151, 0.765, 0.114, 1.507, 1.503], "qc": [0.151, 0.765, 0.114, 1.507, 1.503], "fs": [4.6, 7.5, 1.2, 18.0, 23.4], "fr_percent": [3.4848484848484844, 1.031636863823934, 2.1052631578947367, 1.257861635220126, 1.661931818181818], "lc": [2.9327745309821265, 2.3912887409614374, 3.511845022396234, 2.383249828679371, 2.505250768964657], "q1": [0.03792948511579466, 0.1921593120104829, 0.028635505319209213, 0.3785412852284937, 0.3775365306558899], "q10": [0.007470027349307031, 0.03784484054450251, 0.005639623296827825, 0.0745518623536801, 0.07435398083449316], "q1_helix": 0.3775365306558899, "q10_helix": 0.07435398083449316, "qhelix_tension": 131.394329974575, "qhelix_compression": 667.1621200333058, "soil_type": ["Clay/Silt", "Clay/Silt", "Clay/Silt", "Clay/Silt", "Clay/Silt"], "coe_casing": [1, 1, 1, 1, 1], "delta_z": [0.0, 1.0, 1.0, 1.0, 1.0], "qshaft_segment": [0, 10.464734888897702, 1.5594506893259323, 20.614843761527894, 20.56012619348137], "qshaft_kn": [0, 10.464734888897702, 12.024185578223634, 32.63902933975153, 53.1991555332329], "tension_capacity": [400.29727201998344, 410.7620069088811, 412.3214575982071, 432.93630135973495, 453.49642755321634], "compression_capacity": [533.7296960266447, 544.1944309155424, 545.7538816048683, 566.3687253663962, 586.9288515598776], "qult_tension": 453.49642755321634, "qult_compression": 586.9288515598776, "q_delta_10mm_tension": 132.03575351797787, "q_delta_10mm_compression": 158.31461951289288, "installation_torque": 141.2643043617744, "perimeter": 2.3938936020354222, "helix_area": 1.7671458676442586, "shaft_diameter": 0.762, "helix_diameter": 1.5, "helix_depth": 7.0, "borehole_depth": 1.0, "qb01_comp": 0.3020292245247119, "qb01_tension": 0.22652191839353392, "qb01_comp_capacity": 533.7296960266447, "qb01_tension_capacity": 400.29727201998344, "qult_comp_tipdepth": 586.9288515598776, "qult_tension_tipdepth": 453.49642755321634, "q_10mm_comp_tipdepth": 158.31461951289288, "q_10mm_tension_tipdepth": 132.03575351797787, "input_parameters": {"site_name": "", "shaft_diameter": 0.762, "helix_diameter": 1.5, "helix_depth": 7.0, "borehole_depth": 1.0, "water_table": 0.0}}, "download_data": [["HELICAL PILE CALCULATION RESULTS"], [], ["INPUT PARAMETERS"], ["site_name", ""], ["shaft_diameter", 0.762], ["helix_diameter", 1.5], ["helix_depth", 7.0], ["borehole_depth", 1.0], ["water_table", 0.0], [], ["GEOMETRIC CONSTANTS"], ["Perimeter (m)", 2.3938936020354222], ["Helix Area (m\u00b2)", 1.7671458676442586], [], ["HELIX PROPERTIES"], ["Helix Depth (m)", 7.0], ["q1 at Helix", 0.3775365306558899], ["q10 at Helix", 0.07435398083449316], ["qb0.1 Compression (MPa)", 0.3020292245247119], ["qb0.1 Tension (MPa)", 0.22652191839353392], [], ["FINAL RESULTS"], ["Ultimate Tension Capacity (kN)", 453.49642755321634], ["Ultimate Compression Capacity (kN)", 586.9288515598776], ["Tension Capacity at 10mm (kN)", 132.03575351797787], ["Compression Capacity at 10mm (kN)", 158.31461951289288], ["Installation Torque (kNm)", 141.2643043617744], [], ["RESULTS AT ORIGINAL TIPDEPTH"], ["qb0.1 Compression (MPa)", 0.3020292245247119], ["qb0.1 Tension (MPa)", 0.22652191839353392], ["Ultimate Compression Capacity at Tipdepth (kN)", 586.9288515598776], ["Ultimate Tension Capacity at Tipdepth (kN)", 453.49642755321634], ["Compression Capacity at 10mm at Tipdepth (kN)", 158.31461951289288], ["Tension Capacity at 10mm at Tipdepth (kN)", 132.03575351797787], [], ["DETAILED CALCULATION TABLE"], [], ["Depth (m)", "qt (MPa)", "qc (MPa)", "fs (kPa)", "Fr (%)", "Ic", "Soil Type", "q1 (MPa)", "q10 (MPa)", "Casing Coefficient", "Delta Z (m)", "Shaft Segment (kN)", "Cumulative Shaft (kN)", "Tension Capacity (kN)", "Compression Capacity (kN)"], [1.0, 0.151, 0.151, 4.6, 3.4848484848484844, 2.9327745309821265, "Clay/Silt", 0.03792948511579466, 0.007470027349307031, 1, 0.0, 0, 0, 400.29727201998344, 533.7296960266447], [2.0, 0.765, 0.765, 7.5, 1.031636863823934, 2.3912887409614374, "Clay/Silt", 0.1921593120104829, 0.03784484054450251, 1, 1.0, 10.464734888897702, 10.464734888897702, 410.7620069088811, 544.1944309155424], [3.0, 0.114, 0.114, 1.2, 2.1052631578947367, 3.511845022396234, "Clay/Silt", 0.028635505319209213, 0.005639623296827825, 1, 1.0, 1.5594506893259323, 12.024185578223634, 412.3214575982071, 545.7538816048683], [4.0, 1.507, 1.507, 18.0, 1.257861635220126, 2.383249828679371, "Clay/Silt", 0.3785412852284937, 0.0745518623536801, 1, 1.0, 20.614843761527894, 32.63902933975153, 432.93630135973495, 566.3687253663962], [5.0, 1.503, 1.503, 23.4, 1.661931818181818, 2.505250768964657, "Clay/Silt", 0.3775365306558899, 0.07435398083449316, 1, 1.0, 20.56012619348137, 53.1991555332329, 453.49642755321634, 586.9288515598776]]}