{"summary": [{"tipdepth": 5.0, "tension_capacity": 136.97132636628464, "compression_capacity": 329.7376036235796}, {"tipdepth": 10.0, "tension_capacity": 647.3911771207161, "compression_capacity": 914.568798729539}, {"tipdepth": 15.0, "tension_capacity": 1238.8129730892738, "compression_capacity": 2032.0474978411085}]}